{
  "versao": "1.0",
  "atualizado_em": "2026-01-09",
  "stations": [
    {
      "id": 9798,
      "nome": "LM Hub_PR_Maringá",
      "codigo": "LPR-18",
      "UF": "PR",
      "ativo": true
    },
    {
      "id": 8964,
      "nome": "LM Hub_SP_Leme",
      "codigo": "LSP-47",
      "UF": "SP",
      "ativo": true
    },
    {
      "id": 5244,
      "nome": "LM Hub_SP_Taubaté",
      "codigo": "LSP-08",
      "UF": "SP",
      "ativo": true
    },
    {
      "id": 5006,
      "nome": "LM Hub_SP_Embu das Artes",
      "codigo": "LSP-36",
      "UF": "SP",
      "ativo": true
    },
    {
      "id": 9440,
      "nome": "LM Hub_BA_Irecê",
      "codigo": "LBA-08",
      "UF": "BA",
      "ativo": true
    },
    {
      "id": 5265,
      "nome": "LM Hub_SP_Marília",
      "codigo": "LSP-66",
      "UF": "SP",
      "ativo": true
    },
    {
      "id": 5041,
      "nome": "LM Hub_SC_Blumenau",
      "codigo": "LSC-06",
      "UF": "SC",
      "ativo": true
    },
    {
      "id": 12562,
      "nome": "LM Hub_SP_Barueri_01",
      "codigo": "LSP-81",
      "UF": "SP",
      "ativo": true
    },
    {
      "id": 5837,
      "nome": "LM Hub_PA_Belém",
      "codigo": "LPA-03",
      "UF": "PA",
      "ativo": true
    },
    {
      "id": 5008,
      "nome": "LM Hub_SP_São Bernardo do Campo",
      "codigo": "LSP-79",
      "UF": "SP",
      "ativo": true
    },
    {
      "id": 5262,
      "nome": "LM Hub_MG_Varginha_Fausto",
      "codigo": "LMG-45",
      "UF": "MG",
      "ativo": true
    },
    {
      "id": 7347,
      "nome": "LM Hub_RJ_Jacarepaguá",
      "codigo": "LRJ-29",
      "UF": "RJ",
      "ativo": true
    },
    {
      "id": 5437,
      "nome": "LM Hub_MG_Manhuaçu",
      "codigo": "LMG-09",
      "UF": "MG",
      "ativo": true
    },
    {
      "id": 7337,
      "nome": "LM Hub_RJ_Nova Friburgo",
      "codigo": "LRJ-02",
      "UF": "RJ",
      "ativo": true
    },
    {
      "id": 5034,
      "nome": "LM Hub_SP_São José dos Campos",
      "codigo": "LSP-04",
      "UF": "SP",
      "ativo": true
    },
    {
      "id": 9622,
      "nome": "LM Hub_AL_Maceió_02",
      "codigo": "LAL-02",
      "UF": "AL",
      "ativo": true
    },
    {
      "id": 10091,
      "nome": "LM Hub_MS_Dourados",
      "codigo": "LMS-02",
      "UF": "MS",
      "ativo": true
    },
    {
      "id": 11596,
      "nome": "LM Hub_RJ_São Gonçalo_02",
      "codigo": "LRJ-23",
      "UF": "RJ",
      "ativo": true
    },
    {
      "id": 10600,
      "nome": "LM Hub_BA_FX_Vitória Conquista",
      "codigo": "LBA-07-X",
      "UF": "BA",
      "ativo": true
    },
    {
      "id": 5005,
      "nome": "LM Hub_SP_São Paulo_Mooca",
      "codigo": "LSP-13",
      "UF": "SP",
      "ativo": true
    },
    {
      "id": 11592,
      "nome": "LM Hub_SP_Parque Novo Mundo",
      "codigo": "LSP-89",
      "UF": "SP",
      "ativo": true
    },
    {
      "id": 11783,
      "nome": "LM Hub_SP_Santo André",
      "codigo": "LSP-93",
      "UF": "SP",
      "ativo": true
    },
    {
      "id": 10098,
      "nome": "LM Hub_SP_Itaqua_Zimba",
      "codigo": "LSP-74",
      "UF": "SP",
      "ativo": true
    },
    {
      "id": 12154,
      "nome": "LM Hub_SP_Suzano_Baruel",
      "codigo": "LSP-97",
      "UF": "SP",
      "ativo": true
    },
    {
      "id": 8364,
      "nome": "LM Hub_RS_Lajeado",
      "codigo": "LRS-07",
      "UF": "RS",
      "ativo": true
    },
    {
      "id": 5261,
      "nome": "LM Hub_AL_Maceió_01",
      "codigo": "LAL-01",
      "UF": "AL",
      "ativo": true
    },
    {
      "id": 5971,
      "nome": "LM Hub_MA_São Luís_02",
      "codigo": "LMA-02",
      "UF": "MA",
      "ativo": true
    },
    {
      "id": 5245,
      "nome": "LM Hub_RS_Gravataí_Neopolis",
      "codigo": "LRS-15",
      "UF": "RS",
      "ativo": true
    },
    {
      "id": 8965,
      "nome": "LM Hub_SC_Itapema",
      "codigo": "LSC-09",
      "UF": "SC",
      "ativo": true
    },
    {
      "id": 7203,
      "nome": "LM Hub_SP_São Paulo_Carandiru",
      "codigo": "LSP-18",
      "UF": "SP",
      "ativo": true
    },
    {
      "id": 8451,
      "nome": "LM Hub_RJ_Nova Iguaçu",
      "codigo": "LRJ-27",
      "UF": "RJ",
      "ativo": true
    },
    {
      "id": 5018,
      "nome": "LM Hub_SP_Campinas_São Martinho",
      "codigo": "LSP-19",
      "UF": "SP",
      "ativo": true
    },
    {
      "id": 5016,
      "nome": "LM Hub_SP_Guarulhos",
      "codigo": "LSP-77",
      "UF": "SP",
      "ativo": true
    },
    {
      "id": 6076,
      "nome": "LM Hub_RJ_Cabo Frio_Jd Flamb",
      "codigo": "LRJ-21",
      "UF": "RJ",
      "ativo": true
    },
    {
      "id": 5025,
      "nome": "LM Hub_SP_Artur Alvim",
      "codigo": "LSP-07",
      "UF": "SP",
      "ativo": true
    },
    {
      "id": 8717,
      "nome": "LM Hub_SP_Registro",
      "codigo": "LSP-40",
      "UF": "SP",
      "ativo": true
    },
    {
      "id": 5462,
      "nome": "LM Hub_PR_Umuarama",
      "codigo": "LPR-05",
      "UF": "PR",
      "ativo": true
    },
    {
      "id": 8132,
      "nome": "LM Hub_TO_Palmas",
      "codigo": "LTO-01",
      "UF": "TO",
      "ativo": true
    },
    {
      "id": 6433,
      "nome": "LM Hub_SP_São Carlos",
      "codigo": "LSP-31",
      "UF": "SP",
      "ativo": true
    },
    {
      "id": 5019,
      "nome": "LM Hub_SP_São Paulo_Lapa",
      "codigo": "LSP-15",
      "UF": "SP",
      "ativo": true
    },
    {
      "id": 5456,
      "nome": "LM Hub_BA_Vitória da Conquista",
      "codigo": "LBA-07",
      "UF": "BA",
      "ativo": true
    },
    {
      "id": 5069,
      "nome": "LM Hub_RJ_Rio de Janeiro_Campo G",
      "codigo": "LRJ-04",
      "UF": "RJ",
      "ativo": true
    },
    {
      "id": 5039,
      "nome": "LM Hub_PR_SaoJosedosPinhais",
      "codigo": "LPR-24",
      "UF": "PR",
      "ativo": true
    },
    {
      "id": 5695,
      "nome": "LM Hub_SC_Joinville_01",
      "codigo": "LSC-13",
      "UF": "SC",
      "ativo": true
    },
    {
      "id": 5592,
      "nome": "LM Hub_SP_Araçatuba",
      "codigo": "LSP-02",
      "UF": "SP",
      "ativo": true
    },
    {
      "id": 5033,
      "nome": "LM Hub_SP_Limeira_Campo Belo",
      "codigo": "LSP-24",
      "UF": "SP",
      "ativo": true
    },
    {
      "id": 5048,
      "nome": "LM Hub_CE_Fortaleza_Cajazeiras",
      "codigo": "LCE-01",
      "UF": "CE",
      "ativo": true
    },
    {
      "id": 5424,
      "nome": "LM Hub_PI_Teresina_02",
      "codigo": "LPI-02",
      "UF": "PI",
      "ativo": true
    },
    {
      "id": 12413,
      "nome": "LM Hub_MA_São Luís_01",
      "codigo": "LMA-01",
      "UF": "MA",
      "ativo": true
    },
    {
      "id": 9747,
      "nome": "LM Hub_SP_Jundiaí",
      "codigo": "LSP-100",
      "UF": "SP",
      "ativo": true
    },
    {
      "id": 6036,
      "nome": "LM Hub_MG_Governador Valadares",
      "codigo": "LMG-56",
      "UF": "MG",
      "ativo": true
    },
    {
      "id": 5381,
      "nome": "LM Hub_SP_Várzea Paulista",
      "codigo": "LSP-20",
      "UF": "SP",
      "ativo": true
    },
    {
      "id": 5009,
      "nome": "LM Hub_SP_Mauá",
      "codigo": "LSP-64",
      "UF": "SP",
      "ativo": true
    },
    {
      "id": 7198,
      "nome": "LM Hub_SP_Jardim Adriana",
      "codigo": "LSP-12",
      "UF": "SP",
      "ativo": true
    },
    {
      "id": 10056,
      "nome": "LM Hub_ES_Colatina",
      "codigo": "LES-07",
      "UF": "ES",
      "ativo": true
    },
    {
      "id": 10584,
      "nome": "LM Hub_PB_FX_Campina Grande",
      "codigo": "LPB-02-X",
      "UF": "PB",
      "ativo": true
    },
    {
      "id": 10047,
      "nome": "LM Hub_PR_Curitiba",
      "codigo": "LPR-16",
      "UF": "PR",
      "ativo": true
    },
    {
      "id": 10099,
      "nome": "LM Hub_SP_Assis",
      "codigo": "LSP-42",
      "UF": "SP",
      "ativo": true
    },
    {
      "id": 5594,
      "nome": "LM Hub_RJ_Petrópolis",
      "codigo": "LRJ-11",
      "UF": "RJ",
      "ativo": true
    },
    {
      "id": 8718,
      "nome": "LM Hub_SP_Itapeva",
      "codigo": "LSP-39",
      "UF": "SP",
      "ativo": true
    },
    {
      "id": 5031,
      "nome": "LM Hub_SP_Jurubatuba",
      "codigo": "LSP-16",
      "UF": "SP",
      "ativo": true
    },
    {
      "id": 10089,
      "nome": "LM Hub_SP_Osasco_02",
      "codigo": "LSP-60",
      "UF": "SP",
      "ativo": true
    },
    {
      "id": 5593,
      "nome": "LM Hub_SP_Piracicaba",
      "codigo": "LSP-62",
      "UF": "SP",
      "ativo": true
    },
    {
      "id": 9057,
      "nome": "LM Hub_MG_Barbacena",
      "codigo": "LMG-20",
      "UF": "MG",
      "ativo": true
    },
    {
      "id": 9508,
      "nome": "LM Hub_MG_Ubá",
      "codigo": "LMG-23",
      "UF": "MG",
      "ativo": true
    },
    {
      "id": 5043,
      "nome": "LM Hub_RJ_Macae_ Imboassica",
      "codigo": "LRJ-05",
      "UF": "RJ",
      "ativo": true
    },
    {
      "id": 10242,
      "nome": "LM Hub_SP_VilaGuilherme",
      "codigo": "LSP-68",
      "UF": "SP",
      "ativo": true
    },
    {
      "id": 5458,
      "nome": "LM Hub_BA_Itabuna",
      "codigo": "LBA-06",
      "UF": "BA",
      "ativo": true
    },
    {
      "id": 10703,
      "nome": "LM Hub_SP_Santos_PraiaGrande_02",
      "codigo": "LSP-63",
      "UF": "SP",
      "ativo": true
    },
    {
      "id": 5071,
      "nome": "LM Hub_SP_Santos_Praia Grande",
      "codigo": "LSP-09",
      "UF": "SP",
      "ativo": true
    },
    {
      "id": 5055,
      "nome": "LM Hub_SP_Sorocaba_Região Norte",
      "codigo": "LSP-10",
      "UF": "SP",
      "ativo": true
    },
    {
      "id": 8130,
      "nome": "LM Hub_SP_Guaratinguetá",
      "codigo": "LSP-33",
      "UF": "SP",
      "ativo": true
    },
    {
      "id": 11597,
      "nome": "LM Hub_PE_Recife_Paulista",
      "codigo": "LPE-12",
      "UF": "PE",
      "ativo": true
    },
    {
      "id": 5044,
      "nome": "LM Hub_SP_Sumaré_Nova Veneza_1",
      "codigo": "LSP-88",
      "UF": "SP",
      "ativo": true
    },
    {
      "id": 5038,
      "nome": "LM Hub_GO_Goiânia_ St. Empr_02",
      "codigo": "LGO-02",
      "UF": "GO",
      "ativo": true
    },
    {
      "id": 10643,
      "nome": "LM Hub_DF_Luziania",
      "codigo": "LDF-04",
      "UF": "DF",
      "ativo": true
    },
    {
      "id": 10616,
      "nome": "LM Hub_GO_Aparecida de Goiânia",
      "codigo": "LGO-05",
      "UF": "GO",
      "ativo": true
    },
    {
      "id": 5696,
      "nome": "LM Hub_SE_Aracaju_01",
      "codigo": "LSE-01",
      "UF": "SE",
      "ativo": true
    },
    {
      "id": 8645,
      "nome": "LM Hub_CE_Caucaia",
      "codigo": "LCE-02",
      "UF": "CE",
      "ativo": true
    },
    {
      "id": 5084,
      "nome": "LM Hub_SP_Atibaia_Ponte_Alta",
      "codigo": "LSP-87",
      "UF": "SP",
      "ativo": true
    },
    {
      "id": 12369,
      "nome": "LM Hub_PB_JoãoPessoa_Industrial",
      "codigo": "LPB-04",
      "UF": "PB",
      "ativo": true
    },
    {
      "id": 8814,
      "nome": "LM Hub_ES_Linhares",
      "codigo": "LES-05",
      "UF": "ES",
      "ativo": true
    },
    {
      "id": 5459,
      "nome": "LM Hub_SC_Itajaí_Espinheiros",
      "codigo": "LSC-15",
      "UF": "SC",
      "ativo": true
    },
    {
      "id": 5040,
      "nome": "LM Hub_PR_Londrina_Parque ABC II",
      "codigo": "LPR-20",
      "UF": "PR",
      "ativo": true
    },
    {
      "id": 5694,
      "nome": "LM Hub_MG_Montes Claros",
      "codigo": "LMG-11",
      "UF": "MG",
      "ativo": true
    },
    {
      "id": 5035,
      "nome": "LM Hub_SP_Bauru_Centro",
      "codigo": "LSP-56",
      "UF": "SP",
      "ativo": true
    },
    {
      "id": 10788,
      "nome": "LM Hub_RS_FX_Santa Rosa",
      "codigo": "LRS-09-X",
      "UF": "RS",
      "ativo": true
    },
    {
      "id": 5526,
      "nome": "LM Hub_PR_Cascavel",
      "codigo": "LPR-19",
      "UF": "PR",
      "ativo": true
    },
    {
      "id": 8716,
      "nome": "LM Hub_SP_Mogi Mirim",
      "codigo": "LSP-37",
      "UF": "SP",
      "ativo": true
    },
    {
      "id": 10102,
      "nome": "LM Hub_MG_Belo Horizonte_02",
      "codigo": "LMG-50",
      "UF": "MG",
      "ativo": true
    },
    {
      "id": 5461,
      "nome": "LM Hub_RS_Flores da Cunha",
      "codigo": "LRS-21",
      "UF": "RS",
      "ativo": true
    },
    {
      "id": 5264,
      "nome": "LM Hub_SC_Chapecó_Eldorado",
      "codigo": "LSC-05",
      "UF": "SC",
      "ativo": true
    },
    {
      "id": 5376,
      "nome": "LM Hub_MG_Ipatinga",
      "codigo": "LMG-38",
      "UF": "MG",
      "ativo": true
    },
    {
      "id": 10103,
      "nome": "LM Hub_PR_Campo Mourão",
      "codigo": "LPR-10",
      "UF": "PR",
      "ativo": true
    },
    {
      "id": 11978,
      "nome": "LM Hub_SP_Embu das Artes_02",
      "codigo": "LSP-96",
      "UF": "SP",
      "ativo": true
    },
    {
      "id": 9621,
      "nome": "LM Hub_ES_Guarapari",
      "codigo": "LES-04",
      "UF": "ES",
      "ativo": true
    },
    {
      "id": 7335,
      "nome": "LM Hub_SP_Franca_Distrito_Indust",
      "codigo": "LSP-26",
      "UF": "SP",
      "ativo": true
    },
    {
      "id": 5056,
      "nome": "LM Hub_BA_Salvador_Retiro",
      "codigo": "LBA-19",
      "UF": "BA",
      "ativo": true
    },
    {
      "id": 10603,
      "nome": "LM Hub_RS_FX_Santa Maria",
      "codigo": "LRS-06-X",
      "UF": "RS",
      "ativo": true
    },
    {
      "id": 10768,
      "nome": "LM Hub_CE_Juazeiro do Norte",
      "codigo": "LCE-04",
      "UF": "CE",
      "ativo": true
    },
    {
      "id": 5838,
      "nome": "LM Hub_MS_Campo Grande",
      "codigo": "LMS-04",
      "UF": "MS",
      "ativo": true
    },
    {
      "id": 5083,
      "nome": "LM Hub_MG_Divinópolis",
      "codigo": "LMG-36",
      "UF": "MG",
      "ativo": true
    },
    {
      "id": 5047,
      "nome": "LM Hub_RJ_São Gonçalo",
      "codigo": "LRJ-08",
      "UF": "RJ",
      "ativo": true
    },
    {
      "id": 10431,
      "nome": "LM Hub_CE_Fortaleza-02",
      "codigo": "LCE-05",
      "UF": "CE",
      "ativo": true
    },
    {
      "id": 11023,
      "nome": "LM Hub_SE_Aracaju_02",
      "codigo": "LSE-03",
      "UF": "SE",
      "ativo": true
    },
    {
      "id": 9510,
      "nome": "LM Hub_SP_Botucatu",
      "codigo": "LSP-46",
      "UF": "SP",
      "ativo": true
    },
    {
      "id": 5017,
      "nome": "LM Hub_RJ_São João do Meriti",
      "codigo": "LRJ-01",
      "UF": "RJ",
      "ativo": true
    },
    {
      "id": 12370,
      "nome": "LM Hub_MG_Contagem 02",
      "codigo": "LMG-62",
      "UF": "MG",
      "ativo": true
    },
    {
      "id": 5020,
      "nome": "LM Hub_MG_Juiz de Fora_Dist Ind",
      "codigo": "LMG-59",
      "UF": "MG",
      "ativo": true
    },
    {
      "id": 5457,
      "nome": "LM Hub_BA_Feira de Santana",
      "codigo": "LBA-01",
      "UF": "BA",
      "ativo": true
    },
    {
      "id": 10092,
      "nome": "LM Hub_MS_Três Lagoas",
      "codigo": "LMS-03",
      "UF": "MS",
      "ativo": true
    },
    {
      "id": 8864,
      "nome": "LM Hub_RS_Tramandai",
      "codigo": "LRS-10",
      "UF": "RS",
      "ativo": true
    },
    {
      "id": 8691,
      "nome": "LM Hub_PR_Toledo",
      "codigo": "LPR-08",
      "UF": "PR",
      "ativo": true
    },
    {
      "id": 9834,
      "nome": "LM Hub_SP_Ribeirão Preto_02",
      "codigo": "LSP-55",
      "UF": "SP",
      "ativo": true
    },
    {
      "id": 5030,
      "nome": "LM Hub_RJ_São Cristóvão",
      "codigo": "LRJ-07",
      "UF": "RJ",
      "ativo": true
    },
    {
      "id": 9509,
      "nome": "LM Hub_SC_Lages",
      "codigo": "LSC-10",
      "UF": "SC",
      "ativo": true
    },
    {
      "id": 12646,
      "nome": "LM Hub_RS_Porto Alegre_Canoas",
      "codigo": "LRS-13",
      "UF": "RS",
      "ativo": true
    },
    {
      "id": 11415,
      "nome": "LM Hub_RJ_Mage",
      "codigo": "LRJ-15",
      "UF": "RJ",
      "ativo": true
    },
    {
      "id": 7348,
      "nome": "LM Hub_ES_Serra",
      "codigo": "LES-03",
      "UF": "ES",
      "ativo": true
    },
    {
      "id": 8694,
      "nome": "LM Hub_RJ_Maricá",
      "codigo": "LRJ-13",
      "UF": "RJ",
      "ativo": true
    },
    {
      "id": 6828,
      "nome": "LM Hub_SP_Guarujá",
      "codigo": "LSP-06",
      "UF": "SP",
      "ativo": true
    },
    {
      "id": 5803,
      "nome": "LM Hub_RJ_Cps dos Goytacazes",
      "codigo": "LRJ-09",
      "UF": "RJ",
      "ativo": true
    },
    {
      "id": 9655,
      "nome": "LM Hub_GO_Rio Verde",
      "codigo": "LGO-04",
      "UF": "GO",
      "ativo": true
    },
    {
      "id": 5460,
      "nome": "LM Hub_MG_Sete Lagoas",
      "codigo": "LMG-49",
      "UF": "MG",
      "ativo": true
    },
    {
      "id": 10769,
      "nome": "LM Hub_SP_Barretos",
      "codigo": "LSP-43",
      "UF": "SP",
      "ativo": true
    },
    {
      "id": 5246,
      "nome": "LM Hub_RN_Natal_01",
      "codigo": "LRN-01",
      "UF": "RN",
      "ativo": true
    },
    {
      "id": 10044,
      "nome": "LM Hub_SP_Tatuí",
      "codigo": "LSP-51",
      "UF": "SP",
      "ativo": true
    },
    {
      "id": 5970,
      "nome": "LM Hub_PE_Recife_Guabiraba",
      "codigo": "LPE-03",
      "UF": "PE",
      "ativo": true
    },
    {
      "id": 13007,
      "nome": "LM Hub_ES_Cariacica",
      "codigo": "LES-08",
      "UF": "ES",
      "ativo": true
    },
    {
      "id": 5082,
      "nome": "LM Hub_PE_Recife_Cabo de Santo A",
      "codigo": "LPE-02",
      "UF": "PE",
      "ativo": true
    },
    {
      "id": 8450,
      "nome": "LM Hub_MG_Lagoa da Prata",
      "codigo": "LMG-27",
      "UF": "MG",
      "ativo": true
    },
    {
      "id": 5689,
      "nome": "LM Hub_ES_Cachoeiro de Itap",
      "codigo": "LES-01",
      "UF": "ES",
      "ativo": true
    },
    {
      "id": 5938,
      "nome": "LM Hub_BA_Simões Filho",
      "codigo": "LBA-17",
      "UF": "BA",
      "ativo": true
    },
    {
      "id": 7204,
      "nome": "LM Hub_MG_Betim",
      "codigo": "LMG-15",
      "UF": "MG",
      "ativo": true
    },
    {
      "id": 8375,
      "nome": "LM Hub_PE_Caruaru_Cidade_Alta",
      "codigo": "LPE-04",
      "UF": "PE",
      "ativo": true
    },
    {
      "id": 11981,
      "nome": "LM Hub_PI_Teresina_01",
      "codigo": "LPI-01",
      "UF": "PI",
      "ativo": true
    },
    {
      "id": 9657,
      "nome": "LM Hub_GO_Anápolis",
      "codigo": "LGO-03",
      "UF": "GO",
      "ativo": true
    },
    {
      "id": 6485,
      "nome": "LM Hub_RJ_Volta Redonda",
      "codigo": "LRJ-10",
      "UF": "RJ",
      "ativo": true
    },
    {
      "id": 9507,
      "nome": "LM Hub_RJ_Resende",
      "codigo": "LRJ-18",
      "UF": "RJ",
      "ativo": true
    },
    {
      "id": 11974,
      "nome": "LM Hub_AL_Arapiraca",
      "codigo": "LAL-03",
      "UF": "AL",
      "ativo": true
    },
    {
      "id": 10045,
      "nome": "LM Hub_PR_Guarapuava",
      "codigo": "LPR-13",
      "UF": "PR",
      "ativo": true
    },
    {
      "id": 10881,
      "nome": "LM Hub_RN_FX_Natal_03",
      "codigo": "LRN-03-X",
      "UF": "RN",
      "ativo": true
    },
    {
      "id": 5268,
      "nome": "LM Hub_SP_Presidente Prudente",
      "codigo": "LSP-73",
      "UF": "SP",
      "ativo": true
    },
    {
      "id": 8452,
      "nome": "LM Hub_SP_Itapevi",
      "codigo": "LSP-41",
      "UF": "SP",
      "ativo": true
    },
    {
      "id": 12082,
      "nome": "LM Hub_ES_Vila Velha",
      "codigo": "LES-10",
      "UF": "ES",
      "ativo": true
    },
    {
      "id": 5027,
      "nome": "LM Hub_MG_Contagem_01",
      "codigo": "LMG-05",
      "UF": "MG",
      "ativo": true
    },
    {
      "id": 5527,
      "nome": "LM Hub_SP_São José do Rio P",
      "codigo": "LSP-27",
      "UF": "SP",
      "ativo": true
    },
    {
      "id": 11598,
      "nome": "LM Hub_AM_Manaus_2",
      "codigo": "LAM-02",
      "UF": "AM",
      "ativo": true
    },
    {
      "id": 5042,
      "nome": "LM Hub_RS_Porto Alegre_Floresta",
      "codigo": "LRS-03",
      "UF": "RS",
      "ativo": true
    },
    {
      "id": 10759,
      "nome": "LM Hub_BA_FX_Itabuna",
      "codigo": "LBA-06-X",
      "UF": "BA",
      "ativo": true
    },
    {
      "id": 10774,
      "nome": "LM Hub_SP_3PL-GRU_CB_PHX",
      "codigo": "PHX-01",
      "UF": "SP",
      "ativo": true
    },
    {
      "id": 10095,
      "nome": "LM Hub_BA_Camaçari",
      "codigo": "LBA-14",
      "UF": "BA",
      "ativo": true
    },
    {
      "id": 5626,
      "nome": "LM Hub_SP_Araraquara",
      "codigo": "LSP-29",
      "UF": "SP",
      "ativo": true
    },
    {
      "id": 10642,
      "nome": "LM Hub_RJ_Itaboraí",
      "codigo": "LRJ-19",
      "UF": "RJ",
      "ativo": true
    },
    {
      "id": 12373,
      "nome": "LM Hub_SC_Joinville_02",
      "codigo": "LSC-22",
      "UF": "SC",
      "ativo": true
    },
    {
      "id": 5839,
      "nome": "LM Hub_MT_Cuiabá",
      "codigo": "LMT-02",
      "UF": "MT",
      "ativo": true
    },
    {
      "id": 5046,
      "nome": "LM Hub_RS_Esteio_Três Portos",
      "codigo": "LRS-20",
      "UF": "RS",
      "ativo": true
    },
    {
      "id": 5052,
      "nome": "LM Hub_DF_Brasília_SIA",
      "codigo": "LDF-05",
      "UF": "DF",
      "ativo": true
    },
    {
      "id": 6025,
      "nome": "LM Hub_PR_Ponta Grossa",
      "codigo": "LPR-22",
      "UF": "PR",
      "ativo": true
    },
    {
      "id": 11782,
      "nome": "LM Hub_RJ_Ilha do Governador",
      "codigo": "LRJ-32",
      "UF": "RJ",
      "ativo": true
    },
    {
      "id": 11970,
      "nome": "LM Hub_PR_FX_Guarapuava",
      "codigo": "LPR-13-X",
      "UF": "PR",
      "ativo": true
    },
    {
      "id": 12371,
      "nome": "LM Hub_PR_Fazenda Rio Grande",
      "codigo": "LPR-27",
      "UF": "PR",
      "ativo": true
    },
    {
      "id": 5692,
      "nome": "LM Hub_PB_João Pessoa_Gramame",
      "codigo": "LPB-03",
      "UF": "PB",
      "ativo": true
    },
    {
      "id": 10585,
      "nome": "LM Hub_RS_FX_Passo Fundo",
      "codigo": "LRS-08-X",
      "UF": "RS",
      "ativo": true
    },
    {
      "id": 5057,
      "nome": "LM Hub_SC_Florianópolis",
      "codigo": "LSC-20",
      "UF": "SC",
      "ativo": true
    },
    {
      "id": 5463,
      "nome": "LM Hub_MG_Uberlândia",
      "codigo": "LMG-44",
      "UF": "MG",
      "ativo": true
    },
    {
      "id": 5045,
      "nome": "LM Hub_PR_Pinhais",
      "codigo": "LPR-01",
      "UF": "PR",
      "ativo": true
    },
    {
      "id": 5629,
      "nome": "LM Hub_BA_Juazeiro",
      "codigo": "LBA-29",
      "UF": "BA",
      "ativo": true
    },
    {
      "id": 11595,
      "nome": "LM Hub_DF_Brasília_Recanto_Emas",
      "codigo": "LDF-03",
      "UF": "DF",
      "ativo": true
    },
    {
      "id": 9017,
      "nome": "LM Hub_MG_Extrema",
      "codigo": "LMG-19",
      "UF": "MG",
      "ativo": true
    },
    {
      "id": 8917,
      "nome": "LM Hub_PR_Foz do Iguaçu",
      "codigo": "LPR-12",
      "UF": "PR",
      "ativo": true
    },
    {
      "id": 6701,
      "nome": "LM Hub_RS_Pelotas",
      "codigo": "LRS-05",
      "UF": "RS",
      "ativo": true
    },
    {
      "id": 9659,
      "nome": "LM Hub_PR_Paranaguá",
      "codigo": "LPR-11",
      "UF": "PR",
      "ativo": true
    },
    {
      "id": 6166,
      "nome": "LM Hub_MG_Uberaba",
      "codigo": "LMG-13",
      "UF": "MG",
      "ativo": true
    },
    {
      "id": 5036,
      "nome": "LM Hub_DF_Brasília_SAAN",
      "codigo": "LDF-01",
      "UF": "DF",
      "ativo": true
    },
    {
      "id": 9016,
      "nome": "LM Hub_SP_Votuporanga",
      "codigo": "LSP-38",
      "UF": "SP",
      "ativo": true
    },
    {
      "id": 5537,
      "nome": "LM Hub_SC_Araranguá",
      "codigo": "LSC-11",
      "UF": "SC",
      "ativo": true
    },
    {
      "id": 5028,
      "nome": "LM Hub_MG_Vespasiano",
      "codigo": "LMG-61",
      "UF": "MG",
      "ativo": true
    },
    {
      "id": 8644,
      "nome": "LM Hub_PE_Garanhuns",
      "codigo": "LPE-06",
      "UF": "PE",
      "ativo": true
    },
    {
      "id": 8916,
      "nome": "LM Hub_BA_Barreiras",
      "codigo": "LBA-33",
      "UF": "BA",
      "ativo": true
    },
    {
      "id": 5054,
      "nome": "LM Hub_PE_Recife_Jaboatão",
      "codigo": "LPE-07",
      "UF": "PE",
      "ativo": true
    },
    {
      "id": 11371,
      "nome": "LM Hub_PE_Carpina",
      "codigo": "LPE-08",
      "UF": "PE",
      "ativo": true
    },
    {
      "id": 8715,
      "nome": "LM Hub_SP_Jaú",
      "codigo": "LSP-35",
      "UF": "SP",
      "ativo": true
    },
    {
      "id": 5050,
      "nome": "LM Hub_BA_Salvador_Pirajá",
      "codigo": "LBA-18",
      "UF": "BA",
      "ativo": true
    },
    {
      "id": 9797,
      "nome": "LM Hub_RJ_Cabo Frio",
      "codigo": "LRJ-03",
      "UF": "RJ",
      "ativo": true
    },
    {
      "id": 12561,
      "nome": "LM Hub_SC_Itajaí_Brilhante_02",
      "codigo": "LSC-21",
      "UF": "SC",
      "ativo": true
    },
    {
      "id": 8692,
      "nome": "LM Hub_RJ_Duque de Caxias",
      "codigo": "LRJ-14",
      "UF": "RJ",
      "ativo": true
    },
    {
      "id": 10094,
      "nome": "LM Hub_MG_Muriaé",
      "codigo": "LMG-21",
      "UF": "MG",
      "ativo": true
    },
    {
      "id": 10051,
      "nome": "LM Hub_SP_Itapetininga",
      "codigo": "LSP-53",
      "UF": "SP",
      "ativo": true
    },
    {
      "id": 8693,
      "nome": "LM Hub_SC_Tubarão",
      "codigo": "LSC-17",
      "UF": "SC",
      "ativo": true
    },
    {
      "id": 5619,
      "nome": "LM Hub_MG_Teófilo Otoni",
      "codigo": "LMG-43",
      "UF": "MG",
      "ativo": true
    },
    {
      "id": 5595,
      "nome": "LM Hub_MG_Patos de Minas",
      "codigo": "LMG-39",
      "UF": "MG",
      "ativo": true
    },
    {
      "id": 8377,
      "nome": "LM Hub_RS_Passo Fundo",
      "codigo": "LRS-08",
      "UF": "RS",
      "ativo": true
    },
    {
      "id": 9835,
      "nome": "LM Hub_RS_Santa Rosa",
      "codigo": "LRS-09",
      "UF": "RS",
      "ativo": true
    },
    {
      "id": 10329,
      "nome": "LM Hub_RN_Natal_03",
      "codigo": "LRN-03",
      "UF": "RN",
      "ativo": true
    },
    {
      "id": 9656,
      "nome": "LM Hub_ES_São Mateus",
      "codigo": "LES-16",
      "UF": "ES",
      "ativo": true
    },
    {
      "id": 12083,
      "nome": "LM Hub_RS_Ijuí",
      "codigo": "LRS-22",
      "UF": "RS",
      "ativo": true
    },
    {
      "id": 9560,
      "nome": "LM Hub_PR_Pato Branco",
      "codigo": "LPR-15",
      "UF": "PR",
      "ativo": true
    },
    {
      "id": 10951,
      "nome": "LM Hub_RO_Porto Velho",
      "codigo": "LRO-01",
      "UF": "RO",
      "ativo": true
    },
    {
      "id": 10043,
      "nome": "LM Hub_PE_Recife_Muribeca",
      "codigo": "LPE-11",
      "UF": "PE",
      "ativo": true
    },
    {
      "id": 8688,
      "nome": "LM Hub_PB_Campina Grande",
      "codigo": "LPB-02",
      "UF": "PB",
      "ativo": true
    },
    {
      "id": 5275,
      "nome": "LM Hub_RS_Santa Maria",
      "codigo": "LRS-06",
      "UF": "RS",
      "ativo": true
    },
    {
      "id": 11980,
      "nome": "LM Hub_GO_Goiânia_Aeroporto",
      "codigo": "LGO-06",
      "UF": "GO",
      "ativo": true
    },
    {
      "id": 9202,
      "nome": "LM Hub_BA_Alagoinhas",
      "codigo": "LBA-12",
      "UF": "BA",
      "ativo": true
    },
    {
      "id": 5490,
      "nome": "LM Hub_BA_Santo Antônio deJesus",
      "codigo": "LBA-05",
      "UF": "BA",
      "ativo": true
    },
    {
      "id": 5032,
      "nome": "LM Hub_SP_Mogi das Cruzes_Jund",
      "codigo": "LSP-78",
      "UF": "SP",
      "ativo": true
    },
    {
      "id": 11676,
      "nome": "LM Hub_SP_SIP_02",
      "codigo": "EXP-02",
      "UF": "SP",
      "ativo": true
    }
  ]
}